rule,activation_rate
HERB MARKER THYME → HERB MARKER ROSEMARY,70.829834
HERB MARKER ROSEMARY → HERB MARKER THYME,70.24446
HERB MARKER PARSLEY → HERB MARKER CHIVES ,69.8738
"HERB MARKER PARSLEY, HERB MARKER THYME → HERB MARKER ROSEMARY",69.45423
HERB MARKER THYME → HERB MARKER PARSLEY,69.414604
HERB MARKER THYME → HERB MARKER CHIVES ,69.30046
"HERB MARKER PARSLEY, HERB MARKER ROSEMARY → HERB MARKER THYME",69.154884
"HERB MARKER MINT, HERB MARKER THYME → HERB MARKER ROSEMARY",69.09498
"HERB MARKER MINT, HERB MARKER THYME → HERB MARKER PARSLEY",68.90447
"HERB MARKER ROSEMARY, HERB MARKER THYME → HERB MARKER PARSLEY",68.65325
HERB MARKER ROSEMARY → HERB MARKER PARSLEY,68.542854
HERB MARKER PARSLEY → HERB MARKER THYME,68.26726
"HERB MARKER BASIL, HERB MARKER THYME → HERB MARKER ROSEMARY",68.188484
HERB MARKER ROSEMARY → HERB MARKER CHIVES ,68.05843
HERB MARKER PARSLEY → HERB MARKER ROSEMARY,67.971664
"HERB MARKER MINT, HERB MARKER ROSEMARY → HERB MARKER THYME",67.11416
HERB MARKER ROSEMARY → HERB MARKER BASIL,67.0356
"HERB MARKER MINT, HERB MARKER ROSEMARY → HERB MARKER PARSLEY",66.99391
"HERB MARKER BASIL, HERB MARKER THYME → HERB MARKER PARSLEY",66.937935
HERB MARKER THYME → HERB MARKER BASIL,66.89945
"HERB MARKER BASIL, HERB MARKER ROSEMARY → HERB MARKER THYME",66.895706
HERB MARKER PARSLEY → HERB MARKER MINT,66.73703
HERB MARKER MINT → HERB MARKER CHIVES ,66.71224
HERB MARKER ROSEMARY → HERB MARKER MINT,66.42396
HERB MARKER PARSLEY → HERB MARKER BASIL,66.37088
HERB MARKER MINT → HERB MARKER PARSLEY,66.176216
"HERB MARKER ROSEMARY, HERB MARKER THYME → HERB MARKER BASIL",66.09954
"HERB MARKER PARSLEY, HERB MARKER THYME → HERB MARKER MINT",65.712265
"HERB MARKER PARSLEY, HERB MARKER THYME → HERB MARKER BASIL",65.64457
HERB MARKER THYME → HERB MARKER MINT,65.62786
"HERB MARKER MINT, HERB MARKER THYME → HERB MARKER BASIL",65.55549
"HERB MARKER MINT, HERB MARKER PARSLEY → HERB MARKER ROSEMARY",65.543846
"HERB MARKER PARSLEY, HERB MARKER ROSEMARY → HERB MARKER MINT",65.49229
"HERB MARKER MINT, HERB MARKER PARSLEY → HERB MARKER THYME",65.48041
"HERB MARKER BASIL, HERB MARKER ROSEMARY → HERB MARKER PARSLEY",65.38461
HERB MARKER BASIL → HERB MARKER ROSEMARY,65.3597
HERB MARKER MINT → HERB MARKER ROSEMARY,65.31689
HERB MARKER BASIL → HERB MARKER PARSLEY,65.2554
"HERB MARKER BASIL, HERB MARKER PARSLEY → HERB MARKER THYME",65.19188
"HERB MARKER MINT, HERB MARKER ROSEMARY → HERB MARKER BASIL",65.14219
"HERB MARKER ROSEMARY, HERB MARKER THYME → HERB MARKER MINT",65.13386
"HERB MARKER PARSLEY, HERB MARKER ROSEMARY → HERB MARKER BASIL",65.07867
"HERB MARKER BASIL, HERB MARKER PARSLEY → HERB MARKER ROSEMARY",64.90963
HERB MARKER BASIL → HERB MARKER THYME,64.6879
"HERB MARKER BASIL, HERB MARKER MINT → HERB MARKER ROSEMARY",64.648415
"HERB MARKER BASIL, HERB MARKER MINT → HERB MARKER PARSLEY",64.44844
HERB MARKER MINT → HERB MARKER BASIL,64.08367
HERB MARKER MINT → HERB MARKER THYME,64.000725
"HERB MARKER BASIL, HERB MARKER ROSEMARY → HERB MARKER MINT",63.981544
"HERB MARKER BASIL, HERB MARKER THYME → HERB MARKER MINT",63.750168
HERB MARKER BASIL → HERB MARKER MINT,63.540585
"HERB MARKER MINT, HERB MARKER PARSLEY → HERB MARKER BASIL",63.534824
"HERB MARKER BASIL, HERB MARKER PARSLEY → HERB MARKER MINT",63.32009
"HERB MARKER BASIL, HERB MARKER MINT → HERB MARKER THYME",63.19356
SET OF 3 WOODEN STOCKING DECORATION → SET OF 3 WOODEN TREE DECORATIONS,9.358089
SET OF 3 WOODEN STOCKING DECORATION → SET OF 3 WOODEN SLEIGH DECORATIONS,8.524347
SET OF 3 WOODEN TREE DECORATIONS → SET OF 3 WOODEN STOCKING DECORATION,6.737824
SET OF 3 WOODEN TREE DECORATIONS → SET OF 3 WOODEN SLEIGH DECORATIONS,6.503213
SET OF 3 WOODEN HEART DECORATIONS → SET OF 3 WOODEN TREE DECORATIONS,6.242088
SET OF 3 WOODEN SLEIGH DECORATIONS → SET OF 3 WOODEN TREE DECORATIONS,6.141923
SET OF 3 WOODEN STOCKING DECORATION → SET OF 3 WOODEN HEART DECORATIONS,6.004965
SET OF 3 WOODEN HEART DECORATIONS → SET OF 3 WOODEN STOCKING DECORATION,6.004965
"WOODEN HEART CHRISTMAS SCANDINAVIAN, WOODEN STAR CHRISTMAS SCANDINAVIAN → WOODEN TREE CHRISTMAS SCANDINAVIAN",5.858833
SET OF 3 WOODEN SLEIGH DECORATIONS → SET OF 3 WOODEN STOCKING DECORATION,5.796556
WOODEN HEART CHRISTMAS SCANDINAVIAN → WOODEN STAR CHRISTMAS SCANDINAVIAN,5.703284
SET OF 3 WOODEN HEART DECORATIONS → SET OF 3 WOODEN SLEIGH DECORATIONS,5.6651096
WOODEN STAR CHRISTMAS SCANDINAVIAN → WOODEN TREE CHRISTMAS SCANDINAVIAN,5.662894
WOODEN HEART CHRISTMAS SCANDINAVIAN → WOODEN TREE CHRISTMAS SCANDINAVIAN,5.555705
REGENCY SUGAR BOWL GREEN → REGENCY MILK JUG PINK ,5.36485
POPPY'S PLAYHOUSE KITCHEN → POPPY'S PLAYHOUSE LIVINGROOM ,5.1915035
WOODEN TREE CHRISTMAS SCANDINAVIAN → WOODEN STAR CHRISTMAS SCANDINAVIAN,5.148085
REGENCY TEA PLATE PINK → REGENCY TEA PLATE GREEN ,5.0944424
SET OF 6 SNACK LOAF BAKING CASES → SET OF 12 MINI LOAF BAKING CASES,5.029603
JAM JAR WITH PINK LID → JAM JAR WITH GREEN LID,4.9371223
"WOODEN HEART CHRISTMAS SCANDINAVIAN, WOODEN TREE CHRISTMAS SCANDINAVIAN → WOODEN STAR CHRISTMAS SCANDINAVIAN",4.8688526
WOODEN STAR CHRISTMAS SCANDINAVIAN → WOODEN HEART CHRISTMAS SCANDINAVIAN,4.825856
POPPY'S PLAYHOUSE KITCHEN → POPPY'S PLAYHOUSE BEDROOM ,4.796445
FELTCRAFT PRINCESS CHARLOTTE DOLL → FELTCRAFT PRINCESS LOLA DOLL,4.626068
JAM JAR WITH GREEN LID → JAM JAR WITH PINK LID,4.557344
CHILDRENS CUTLERY POLKADOT PINK → CHILDRENS CUTLERY POLKADOT BLUE,4.517448
SET OF 3 WOODEN TREE DECORATIONS → SET OF 3 WOODEN HEART DECORATIONS,4.4943037
CHRISTMAS CRAFT LITTLE FRIENDS → CHRISTMAS CRAFT WHITE FAIRY ,4.4180393
REGENCY TEA PLATE PINK → REGENCY TEA PLATE ROSES ,4.3995266
SET OF 6 SNACK LOAF BAKING CASES → SET OF 12 FAIRY CAKE BAKING CASES,4.395733
SET OF 12 MINI LOAF BAKING CASES → SET OF 6 SNACK LOAF BAKING CASES,4.2751627
WOODEN TREE CHRISTMAS SCANDINAVIAN → WOODEN HEART CHRISTMAS SCANDINAVIAN,4.273618
CHRISTMAS CRAFT LITTLE FRIENDS → CHRISTMAS CRAFT TREE TOP ANGEL,4.1859403
SET OF 12 FAIRY CAKE BAKING CASES → SET OF 6 SNACK LOAF BAKING CASES,4.175946
SET OF 12 FAIRY CAKE BAKING CASES → SET OF 12 MINI LOAF BAKING CASES,3.9762907
FELTCRAFT PRINCESS LOLA DOLL → FELTCRAFT PRINCESS CHARLOTTE DOLL,3.965201
REGENCY SUGAR BOWL GREEN → REGENCY TEAPOT ROSES ,3.949897
SET OF 12 FAIRY CAKE BAKING CASES → SET OF 6 TEA TIME BAKING CASES,3.9425077
SET OF 12 MINI LOAF BAKING CASES → SET OF 6 TEA TIME BAKING CASES,3.8763306
CHILDRENS CUTLERY POLKADOT BLUE → CHILDRENS CUTLERY POLKADOT PINK,3.8720987
SET OF 3 WOODEN SLEIGH DECORATIONS → SET OF 3 WOODEN HEART DECORATIONS,3.8522747
FELTCRAFT CUSHION BUTTERFLY → FELTCRAFT CUSHION RABBIT,3.817162
FELTCRAFT CUSHION RABBIT → FELTCRAFT CUSHION BUTTERFLY,3.817162
"WOODEN STAR CHRISTMAS SCANDINAVIAN, WOODEN TREE CHRISTMAS SCANDINAVIAN → WOODEN HEART CHRISTMAS SCANDINAVIAN",3.8040643
RED STRIPE CERAMIC DRAWER KNOB → RED SPOT CERAMIC DRAWER KNOB,3.79535
CHRISTMAS CRAFT TREE TOP ANGEL → CHRISTMAS CRAFT WHITE FAIRY ,3.6336923
BATHROOM METAL SIGN → TOILET METAL SIGN,3.6065066
SCANDINAVIAN PAISLEY PICNIC BAG → PINK VINTAGE PAISLEY PICNIC BAG,3.6000042
BLUE SPOT CERAMIC DRAWER KNOB → RED SPOT CERAMIC DRAWER KNOB,3.5993147
WHITE SPOT RED CERAMIC DRAWER KNOB → RED SPOT CERAMIC DRAWER KNOB,3.5906615
BLUE SPOT CERAMIC DRAWER KNOB → WHITE SPOT BLUE CERAMIC DRAWER KNOB,3.5718155
WHITE SPOT BLUE CERAMIC DRAWER KNOB → BLUE SPOT CERAMIC DRAWER KNOB,3.5718155
BATHROOM METAL SIGN → KITCHEN METAL SIGN,3.5705972
SET OF 12 MINI LOAF BAKING CASES → SET OF 12 FAIRY CAKE BAKING CASES,3.5577338
RED STRIPE CERAMIC DRAWER KNOB → BLUE STRIPE CERAMIC DRAWER KNOB,3.498329
CHRISTMAS CRAFT TREE TOP ANGEL → CHRISTMAS CRAFT LITTLE FRIENDS,3.4882834
RED STRIPE CERAMIC DRAWER KNOB → WHITE SPOT RED CERAMIC DRAWER KNOB,3.446391
SET OF 6 TEA TIME BAKING CASES → SET OF 12 MINI LOAF BAKING CASES,3.4202917
FLORAL FOLK STATIONERY SET → MODERN FLORAL STATIONERY SET,3.3803515
RED SPOT CERAMIC DRAWER KNOB → BLUE SPOT CERAMIC DRAWER KNOB,3.3593605
RED SPOT CERAMIC DRAWER KNOB → WHITE SPOT RED CERAMIC DRAWER KNOB,3.3512843
RED SPOT CERAMIC DRAWER KNOB → RED STRIPE CERAMIC DRAWER KNOB,3.3209312
RED STRIPE CERAMIC DRAWER KNOB → BLUE SPOT CERAMIC DRAWER KNOB,3.2832177
"JUMBO BAG APPLES, JUMBO BAG VINTAGE LEAF → JUMBO BAG PEARS",3.2669127
WHITE SPOT RED CERAMIC DRAWER KNOB → RED STRIPE CERAMIC DRAWER KNOB,3.2309918
BLUE SPOT CERAMIC DRAWER KNOB → BLUE STRIPE CERAMIC DRAWER KNOB,3.1767762
VINTAGE PAISLEY STATIONERY SET → MODERN FLORAL STATIONERY SET,3.136967
VINTAGE PAISLEY STATIONERY SET → FLORAL FOLK STATIONERY SET,3.128168
PINK VINTAGE PAISLEY PICNIC BAG → SCANDINAVIAN PAISLEY PICNIC BAG,3.1200035
FELTCRAFT CUSHION OWL → FELTCRAFT CUSHION RABBIT,3.1170485
SET OF 6 TEA TIME BAKING CASES → SET OF 12 FAIRY CAKE BAKING CASES,3.1125064
BLUE SPOT CERAMIC DRAWER KNOB → RED STRIPE CERAMIC DRAWER KNOB,3.0780165
BLUE STRIPE CERAMIC DRAWER KNOB → RED STRIPE CERAMIC DRAWER KNOB,3.0610375
SET/6 RED SPOTTY PAPER PLATES → SET/6 RED SPOTTY PAPER CUPS,3.0356894
BLUE STRIPE CERAMIC DRAWER KNOB → BLUE SPOT CERAMIC DRAWER KNOB,2.964991
FLORAL FOLK STATIONERY SET → VINTAGE PAISLEY STATIONERY SET,2.9441583
TOILET METAL SIGN → BATHROOM METAL SIGN,2.919553
KITCHEN METAL SIGN → BATHROOM METAL SIGN,2.8904834
"HAND WARMER BIRD DESIGN, HAND WARMER OWL DESIGN → HAND WARMER SCOTTY DOG DESIGN",2.8442693
FELTCRAFT CUSHION RABBIT → FELTCRAFT CUSHION OWL,2.750337
STRAWBERRY LUNCH BOX WITH CUTLERY → SKULL LUNCH BOX WITH CUTLERY ,2.6604373
MODERN FLORAL STATIONERY SET → FLORAL FOLK STATIONERY SET,2.5352638
SET/6 RED SPOTTY PAPER CUPS → SET/6 RED SPOTTY PAPER PLATES,2.483746
SMALL DOLLY MIX DESIGN ORANGE BOWL → SMALL CHOCOLATES PINK BOWL,2.3746839
SMALL HEART MEASURING SPOONS → LARGE HEART MEASURING SPOONS,2.3402374
LARGE HEART MEASURING SPOONS → SMALL HEART MEASURING SPOONS,2.3402374
"HAND WARMER BIRD DESIGN, HAND WARMER SCOTTY DOG DESIGN → HAND WARMER OWL DESIGN",2.2792578
SMALL DOLLY MIX DESIGN ORANGE BOWL → SMALL MARSHMALLOWS PINK BOWL,2.2200532
SMALL CHOCOLATES PINK BOWL → SMALL MARSHMALLOWS PINK BOWL,2.2193902
SMALL MARSHMALLOWS PINK BOWL → SMALL CHOCOLATES PINK BOWL,2.2193902
MODERN FLORAL STATIONERY SET → VINTAGE PAISLEY STATIONERY SET,2.2143295
PINK HAPPY BIRTHDAY BUNTING → BLUE HAPPY BIRTHDAY BUNTING,2.1768925
"GREEN REGENCY TEACUP AND SAUCER, JAM MAKING SET PRINTED → DOTCOM POSTAGE",2.12543
BLUE HAPPY BIRTHDAY BUNTING → PINK HAPPY BIRTHDAY BUNTING,1.904781
SMALL CHOCOLATES PINK BOWL → SMALL DOLLY MIX DESIGN ORANGE BOWL,1.8997469
"GREEN REGENCY TEACUP AND SAUCER, JUMBO BAG RED RETROSPOT → DOTCOM POSTAGE",1.7972356
SMALL MARSHMALLOWS PINK BOWL → SMALL DOLLY MIX DESIGN ORANGE BOWL,1.7760425
SUKI  SHOULDER BAG → SKULL SHOULDER BAG,1.6131963
"CHARLOTTE BAG PINK POLKADOT, PACK OF 72 RETROSPOT CAKE CASES → WOODLAND CHARLOTTE BAG",1.460021
"BATHROOM METAL SIGN, JUMBO BAG RED RETROSPOT → DOTCOM POSTAGE",1.2989894
"JUMBO BAG RED RETROSPOT, RED TOADSTOOL LED NIGHT LIGHT → DOTCOM POSTAGE",1.276588
SKULL SHOULDER BAG → SUKI  SHOULDER BAG,1.2547082
"GREEN REGENCY TEACUP AND SAUCER, SUKI  SHOULDER BAG → DOTCOM POSTAGE",0.991334
"JUMBO BAG RED RETROSPOT, SUKI  SHOULDER BAG → DOTCOM POSTAGE",0.9185814
"JAM MAKING SET PRINTED, SUKI  SHOULDER BAG → DOTCOM POSTAGE",0.7930472
"GREEN REGENCY TEACUP AND SAUCER, RED TOADSTOOL LED NIGHT LIGHT → DOTCOM POSTAGE",0.7811773
"JUMBO STORAGE BAG SUKI, RED TOADSTOOL LED NIGHT LIGHT → DOTCOM POSTAGE",0.7382235
"JUMBO STORAGE BAG SUKI, SUKI  SHOULDER BAG → DOTCOM POSTAGE",0.71692854
BEADED CRYSTAL HEART PINK ON STICK → DOTCOM POSTAGE,0.40170878
"DOTCOM POSTAGE, SKULL SHOULDER BAG → SUKI  SHOULDER BAG",0.24886277
"DOTCOM POSTAGE, SUKI  SHOULDER BAG → SKULL SHOULDER BAG",0.2049964
"DOTCOM POSTAGE, JAM MAKING SET PRINTED → SUKI  SHOULDER BAG",0.20239688
HERB MARKER CHIVES  → HERB MARKER THYME,0.0
"RECYCLING BAG RETROSPOT , SUKI  SHOULDER BAG → DOTCOM POSTAGE",0.0
CHRISTMAS CRAFT WHITE FAIRY  → CHRISTMAS CRAFT LITTLE FRIENDS,0.0
CHRISTMAS CRAFT WHITE FAIRY  → CHRISTMAS CRAFT TREE TOP ANGEL,0.0
HERB MARKER CHIVES  → HERB MARKER PARSLEY,0.0
SKULL LUNCH BOX WITH CUTLERY  → STRAWBERRY LUNCH BOX WITH CUTLERY,0.0
"JUMBO BAG RED RETROSPOT, ROSES REGENCY TEACUP AND SAUCER  → DOTCOM POSTAGE",0.0
SET OF 60 VINTAGE LEAF CAKE CASES  → SET OF 60 PANTRY DESIGN CAKE CASES ,0.0
SET OF 60 PANTRY DESIGN CAKE CASES  → SET OF 60 VINTAGE LEAF CAKE CASES ,0.0
REGENCY TEA PLATE GREEN  → REGENCY TEA PLATE PINK,0.0
HERB MARKER CHIVES  → HERB MARKER ROSEMARY,0.0
"REGENCY TEA PLATE PINK, REGENCY TEA PLATE ROSES  → REGENCY TEA PLATE GREEN ",0.0
POPPY'S PLAYHOUSE BEDROOM  → POPPY'S PLAYHOUSE LIVINGROOM ,0.0
REGENCY MILK JUG PINK  → REGENCY SUGAR BOWL GREEN,0.0
"POPPY'S PLAYHOUSE BEDROOM , POPPY'S PLAYHOUSE KITCHEN → POPPY'S PLAYHOUSE LIVINGROOM ",0.0
"REGENCY TEA PLATE GREEN , REGENCY TEA PLATE ROSES  → REGENCY TEA PLATE PINK",0.0
"REGENCY TEA PLATE GREEN , REGENCY TEA PLATE PINK → REGENCY TEA PLATE ROSES ",0.0
REGENCY TEA PLATE ROSES  → REGENCY TEA PLATE PINK,0.0
"POPPY'S PLAYHOUSE KITCHEN, POPPY'S PLAYHOUSE LIVINGROOM  → POPPY'S PLAYHOUSE BEDROOM ",0.0
"POPPY'S PLAYHOUSE BEDROOM , POPPY'S PLAYHOUSE LIVINGROOM  → POPPY'S PLAYHOUSE KITCHEN",0.0
REGENCY TEA PLATE GREEN  → REGENCY TEA PLATE ROSES ,0.0
REGENCY TEA PLATE ROSES  → REGENCY TEA PLATE GREEN ,0.0
POPPY'S PLAYHOUSE LIVINGROOM  → POPPY'S PLAYHOUSE BEDROOM ,0.0
"KEY FOB , SHED → KEY FOB , BACK DOOR ",0.0
POPPY'S PLAYHOUSE LIVINGROOM  → POPPY'S PLAYHOUSE KITCHEN,0.0
REGENCY TEAPOT ROSES  → REGENCY SUGAR BOWL GREEN,0.0
"SET/20 RED RETROSPOT PAPER NAPKINS , SET/6 RED SPOTTY PAPER CUPS → SET/6 RED SPOTTY PAPER PLATES",0.0
"SET/20 RED RETROSPOT PAPER NAPKINS , SET/6 RED SPOTTY PAPER PLATES → SET/6 RED SPOTTY PAPER CUPS",0.0
REGENCY TEAPOT ROSES  → REGENCY MILK JUG PINK ,0.0
REGENCY MILK JUG PINK  → REGENCY TEAPOT ROSES ,0.0
POPPY'S PLAYHOUSE BEDROOM  → POPPY'S PLAYHOUSE KITCHEN,0.0
HERB MARKER CHIVES  → HERB MARKER MINT,0.0
"KEY FOB , BACK DOOR  → KEY FOB , SHED",0.0
"JUMBO BAG WOODLAND ANIMALS, RECYCLING BAG RETROSPOT  → DOTCOM POSTAGE",0.0
